date_run,nb_articles,nb_sources,ai_summary_fr
2026-03-18 08:40:10,41,2,"Voici les 5 tendances principales en tech et IA, avec des exemples concrets :

**Tendance 1 : L'évolution des processeurs pour l'IA**

* Nvidia pivote vers les processeurs (CPUs) en raison des changements dans les besoins en matière de calcul pour l'IA.
* Jensen Huang, PDG de Nvidia, annonce l'arrivée de processeurs axés sur les CPU pour répondre aux besoins évoluants de l'IA.

**Tendance 2 : L'essor de l'IA dans les entreprises**

* OpenAI recrute un CFO pour préparer une entrée en bourse et développer ses activités dans le domaine de l'IA.
* OpenAI signe un accord avec AWS pour fournir ses systèmes d'IA aux agences fédérales américaines pour des travaux classifiés et non classifiés.

**Tendance 3 : La concurrence dans le domaine de l'IA**

* Mistral Forge, une startup française, lance une plateforme de formation d'IA personnalisée pour les entreprises, en concurrence avec OpenAI et Anthropic.
* Kagi, une startup de recherche, lance des applications mobiles pour sa collection de sites indépendants, appelée ""Small Web"".

**Tendance 4 : La sécurité et la confidentialité dans l'IA**

* Google double"
2026-03-18 09:01:24,59,6,"Voici les 5 tendances principales dans le domaine de la tech et de l'IA :

**Tendance 1 : L'évolution de la demande de puces pour l'IA**

* Nvidia a annoncé une demande de 1 trillion de dollars pour ses puces AI, ce qui montre l'importance croissante de l'IA dans les industries.
* L'entreprise a également décidé de se concentrer sur les processeurs (CPUs) pour répondre à la demande de puces pour l'IA.

**Tendance 2 : L'essor de l'IA dans les secteurs gouvernementaux**

* OpenAI a signé un partenariat avec AWS pour vendre ses systèmes AI au gouvernement américain pour des travaux classifiés et non classifiés.
* Le Pentagone a également décidé de développer ses propres systèmes AI après avoir eu des problèmes avec Anthropic.

**Tendance 3 : La concurrence entre les entreprises de l'IA**

* Mistral Forge a lancé une plateforme de formation personnalisée pour l'IA, ce qui la place en concurrence avec OpenAI et Anthropic.
* Kagi a également lancé un moteur de recherche qui met l'accent sur les sites indépendants, ce qui pourrait être une alternative aux moteurs de recherche traditionnels.

**Tendance 4 : L'impact"
2026-03-18 09:11:21,57,6,"Voici les 5 tendances principales dans le domaine de la tech et de l'IA :

* **Évolution des demandes de processeurs pour l'IA** : Les entreprises comme Nvidia et Intel développent de nouveaux processeurs pour répondre aux besoins croissants en matière d'IA. Nvidia a annoncé un nouveau processeur CPU-focused, tandis qu'Intel a lancé ses nouveaux processeurs Core Ultra 200HX Plus pour les ordinateurs portables de jeu.
* **Développement de l'IA dans les entreprises** : Les entreprises comme OpenAI, Anthropic et Mistral Forge développent des solutions d'IA pour les entreprises, notamment des plateformes de formation personnalisée et des outils de codage.
* **Partenariats entre entreprises et gouvernements** : Les entreprises comme OpenAI et Nvidia ont signé des partenariats avec des gouvernements pour développer des solutions d'IA pour des applications classifiées.
* **Cybersecurity et protection des données** : Les entreprises comme Google et Microsoft développent des outils et des solutions pour protéger les données et les systèmes contre les attaques cyber.
* **Développement de l'IA et impact sur la société** : Les experts comme Rana el Kaliouby alertent sur les risques potentiels de l'IA, notamment la création d'un """
2026-03-18 09:24:03,58,6,"Voici les 5 tendances principales de l'actualité tech et IA :

* **L'IA dans le secteur militaire** :
 + La Justice Départementale (DOJ) a défendu la décision de pénaliser Anthropic pour avoir restreint l'utilisation de son IA militaire (Claude).
 + Le Pentagone a annulé son partenariat avec Anthropic et cherche des solutions alternatives à l'IA.
 + Les hackers pro-iran ont effectué une attaque cyber contre les systèmes Stryker, marquant une escalade dans la cyber-guerre géopolitique.

* **L'évolution des processeurs pour l'IA** :
 + Nvidia a annoncé la sortie de processeurs centrés sur les CPU pour répondre aux besoins en IA qui dépassent les capacités des GPU.
 + Jensen Huang, CEO de Nvidia, a révélé que la demande pour les processeurs AI est de l'ordre de 1 trillion de dollars.

* **L'expansion de l'IA dans les secteurs industriels** :
 + OpenAI a signé un partenariat avec AWS pour fournir des systèmes AI à des agences gouvernementales pour des tâches classifiées et non classifiées.
 + Mistral Forge a lancé une plateforme de formation d'IA personnalisée pour les entreprises, remettant en question"
2026-03-18 09:41:15,58,6,"Voici les 5 tendances principales en tech et IA :

* **La concurrence accrue dans le domaine de l'IA** : Les entreprises comme OpenAI, Nvidia et Anthropic se disputent la domination du marché de l'intelligence artificielle. Les partenariats stratégiques et les acquisitions sont devenus des outils clés pour se maintenir dans la course.
 * **L'évolution des processeurs pour l'IA** : L'industrie de l'informatique se tourne vers la conception de processeurs spécifiques pour l'IA, comme ceux proposés par Nvidia et Intel. Ces processeurs sont conçus pour accélérer les calculs nécessaires à l'apprentissage automatique et à la reconnaissance d'images.
* **L'importance de la sécurité dans l'IA** : Les entreprises et les gouvernements se préoccupent de la sécurité des systèmes d'IA, en particulier dans les applications militaires et gouvernementales. Les attaques ciblées et les failles de sécurité sont devenus des risques majeurs.
* **L'émergence de nouvelles plateformes d'IA** : Les startups comme Mistral Forge et Kagi proposent de nouvelles approches pour l'IA, telles que la construction de modèles d'IA personnalisés et la création de réseaux de"
2026-03-18 09:44:27,58,6,"Voici les tendances principales et les actualités les plus importantes en matière de tech et d'IA :

**Tendances principales :**

* **Évolution de la demande de puces pour l'IA** : Les entreprises comme Nvidia et Intel développent de nouvelles puces pour répondre à la croissance de la demande en matière d'IA.
* **Développement de l'IA dans les entreprises** : Les entreprises comme OpenAI, Anthropic et Mistral Forge développent des solutions d'IA pour les entreprises, mais certaines relations entre ces entreprises et les gouvernements sont tendues.
* **Sécurité de l'IA** : Les entreprises comme Google et Microsoft investissent dans la sécurité de l'IA pour protéger les données et les systèmes contre les cyberattaques.
* **Évolution de l'interaction avec l'IA** : Les entreprises comme Nvidia et OpenAI développent de nouvelles interfaces pour interagir avec l'IA, comme OpenClaw et Personal Intelligence.
* **Femmes dans l'IA** : Les femmes sont sous-représentées dans l'IA, ce qui pourrait élargir le fossé de richesse entre les hommes et les femmes.

**Actualités les plus importantes :**

* **Nvidia lance de nouvelles puces pour l'IA** : Nvidia a annoncé la sortie de nouvelles puces pour l'IA, qui devra"
2026-03-18 09:45:48,58,6,"Voici les 5 tendances principales en tech et IA :

* **L'IA militaire :** Les tensions entre les entreprises d'IA et les gouvernements s'intensifient. Le Département de la Justice américain a défendu la décision de pénaliser Anthropic pour avoir restreint l'utilisation de son système d'IA militaire, Claude. Le Pentagone a également annoncé qu'il développerait des alternatives à Anthropic.
* **L'évolution des processeurs :** Les entreprises comme Nvidia et Intel se tournent vers la conception de processeurs plus performants pour répondre aux besoins de l'IA. Nvidia a annoncé la création de processeurs axés sur les CPUs, tandis qu'Intel a lancé ses nouveaux processeurs Core Ultra 200HX Plus pour les ordinateurs portables de jeu.
* **L'IA dans les entreprises :** Les entreprises comme OpenAI, Nvidia et Google se tournent vers l'IA pour améliorer leurs services et produits. OpenAI a signé un partenariat avec AWS pour vendre ses systèmes d'IA au gouvernement américain, tandis que Nvidia a annoncé la création de processeurs pour les applications d'IA.
* **La sécurité de l'IA :** Les entreprises comme Google et Microsoft se tournent vers la sécurité de l'IA pour prot"
2026-03-18 09:48:12,58,6,"Voici les 5 tendances principales dans l'actualité de la tech et de l'IA :

* **L'IA dans le secteur militaire** : La Justice Départementale (DOJ) a défendu la décision de pénaliser Anthropic pour avoir restreint l'utilisation de son système d'IA militaire, Claude. Le Pentagone a également annoncé qu'il développerait des alternatives à Anthropic après avoir rompu leur relation.
* **L'évolution de la demande en puces pour l'IA** : Nvidia a révélé que la demande en puces pour l'IA était de 1 trillion de dollars, ce qui a conduit la société à se tourner vers la production de processeurs pour répondre à cette demande.
* **L'expansion de l'IA dans les entreprises** : OpenAI a signé un partenariat avec AWS pour vendre ses systèmes d'IA à des agences gouvernementales pour des travaux classifiés et non classifiés, marquant une expansion de son pied-à-terre dans le gouvernement.
* **L'émergence de nouvelles plateformes d'IA** : Mistral Forge a lancé une plateforme de formation d'IA personnalisée, permettant aux entreprises de construire leurs propres modèles d'IA à partir de zéro.
* **La concurrence entre les act"
2026-03-18 09:50:58,59,6,"Voici les 5 tendances principales en tech et IA :

* **Évolution des exigences en matière de sécurité** :
 + Apple a mis à jour Safari avec un patch de sécurité silencieux.
 + Google a doublé ses investissements et ses outils pour sécuriser le code open source.
 + Le Pentagone a été victime d'un cyberattaque majeure, mettant en évidence l'importance de la sécurité dans les systèmes de l'IA.

* **Développement de l'IA et de l'apprentissage automatique** :
 + OpenAI a signé un accord avec AWS pour fournir ses systèmes d'IA aux agences fédérales pour des travaux classifiés.
 + Microsoft a libéré Suleyman pour construire des modèles de superintelligence.
 + Google a lancé un cadre cognitif pour suivre les progrès de l'AGI.

* **Intégration de l'IA dans les industries traditionnelles** :
 + Nvidia a annoncé une demande de 1 000 milliards de dollars en matière de puces d'IA.
 + Comcast et Nvidia ont transformé les câbles en une puissance d'IA.
 + Intel a lancé des processeurs Ultra 200HX Plus pour les ordinateurs portables de jeu.

* **Développement de l'IA dans les entreprises"
2026-03-18 09:55:46,59,6,"Voici les 5 tendances principales en tech et IA :

* **Évolution des demandes de puces de traitement** :
 + Nvidia révèle une demande de 1 trillion de dollars pour ses puces de traitement AI (Nvidia locks $1 trillion in Blackwell, Vera Rubin orders)
 + Nvidia pivote vers les processeurs CPU en raison de la demande de travailloads AI évoluant au-delà des GPU (Nvidia pivots to CPUs as agentic AI reshapes chip demand)
 + Intel lance de nouveaux processeurs pour les ordinateurs portables de jeu (Intel Unleashes Core Ultra 200HX Plus for Gaming Laptops)

* **Développement de l'IA dans le secteur militaire** :
 + Le Département de la Défense américain développe des solutions alternatives à l'IA d'Anthropic (Pentagon Ditches Anthropic, Builds Own AI Arsenal)
 + OpenAI signe un partenariat avec AWS pour fournir des systèmes d'IA aux agences fédérales pour des travaux classifiés (OpenAI locks AWS deal to power U.S. government AI systems)

* **Émergence de nouveaux acteurs dans l'IA** :
 + Mistral Forge permet aux entreprises de construire des modèles d'IA personnalisés (Mistral Forge lets enterprises build AI from scratch)
 + Kagi lance des applications mobiles pour sa"
2026-03-19 08:25:33,61,6,"Voici les 5 tendances principales dans le domaine de la tech et de l'IA :

* **L'IA de plus en plus présente dans la vie quotidienne** : Les assistants virtuels comme Alexa+ et les modèles d'IA comme GPT-5.4 mini et nano sont de plus en plus intégrés dans nos vies, avec des applications concrètes comme la réservation de nuits d'hôtel ou la gestion de la santé.
* **La concurrence entre les géants de l'IA** : La rivalité entre OpenAI et Anthropic est en pleine expansion, avec des différences éthiques et commerciales qui se font de plus en plus sentir.
* **L'évolution des technologies de traitement des données** : Les partenariats entre NVIDIA et Oracle, ainsi que l'arrivée du MacBook Neo, montrent que les technologies de traitement des données sont en pleine évolution, avec des applications potentielles pour l'IA et la transformation numérique.
* **La montée en puissance de l'IA en Chine** : Les entreprises chinoises comme Baidu et Tencent lancent des initiatives pour promouvoir l'adoption de l'IA dans la société, avec des événements de rencontre et des communautés en ligne.
* **Les préoccupations éthiques et de sécurité** : Les failles de sécurité dans les protoc"
2026-03-19 08:36:46,61,6,"Voici les 5 tendances principales en tech et IA, avec des exemples concrets :

**1. L'avancée de l'IA :**

* OpenAI lance GPT-5.4 mini et nano, des modèles d'IA plus petits et plus rapides pour les applications concrètes.
* NVIDIA et Oracle présentent une avancée majeure dans le traitement des données dédiées à l'IA.
* Les géants de la tech comme Google, Amazon et Meta investissent dans l'IA pour améliorer leurs services et produits.

**2. La concurrence entre les géants de la tech :**

* La rivalité entre OpenAI et Anthropic explose au grand jour, avec des clashs médiatiques et des divergences éthiques sur l'usage militaire de l'IA.
* Les géants de la tech comme NVIDIA, Oracle et Meta se disputent la domination du marché de l'IA.

**3. L'impact de l'IA sur l'emploi :**

* Les emplois du secteur tertiaire sont désormais exposés à la baisse des embauches et à des licenciements, constate Adrien Charbuy, spécialiste des politiques de l'emploi au sein de l'Etat.
* L'IA menace de remplacer des emplois dans de nombreux secteurs, notamment dans les services et"
2026-03-19 08:44:36,61,6,"Voici les tendances principales et les exemples concrets des actualités récentes en tech et IA :

**Tendances principales :**

* **Évolution de l'IA :** Les progrès rapides de l'IA et des modèles de langage comme GPT-5.4 mini et nano, qui offrent des performances quasi-haut de gamme à un coût moindre.
* **Sécurité des paiements en ligne :** Une faille critique dans les protocoles de paiement en ligne a été découverte, permettant à un hacker de payer 1 centime pour des nuits à plusieurs milliers d'euros.
* **Concurrence entre les géants de l'IA :** La rivalité entre OpenAI et Anthropic explose, avec des divergences éthiques sur l'usage militaire de l'IA et une bataille commerciale autour de leurs assistants.
* **Intégration de l'IA dans les industries :** Les entreprises comme Google, Amazon et Samsung intègrent l'IA dans leurs plateformes et produits, notamment pour les applications de santé et la réalité virtuelle.
* **Développement de l'IA pour les applications concrètes :** Les entreprises comme OpenRouter et NVIDIA développent des solutions pour faciliter l'utilisation de l'IA dans les applications concrètes, telles que"
2026-03-19 08:45:26,61,6,"Voici les 5 tendances principales en tech et IA :

* **Évolution de l'IA :**
 + OpenAI lance GPT-5.4 mini et nano, offrant des performances quasi-haut de gamme à un coût moindre.
 + NVIDIA et Oracle présentent une avancée majeure dans le traitement des données dédiées à l'IA.
* **Sécurité des terminaux de paiement :**
 + Une faille critique dans les protocoles de paiement en ligne est révélée après que un hacker a réussi à détourner les systèmes de réservation.
* **Concurrence dans le marché des ordinateurs portables :**
 + L'arrivée du MacBook Neo bouleverse le marché des ordinateurs portables d'entrée de gamme, mettant les fabricants de PC en difficulté.
* **Développement de l'IA en Chine :**
 + Les stocks de sociétés chinoises de l'IA augmentent après que NVIDIA a qualifié OpenClaw de ""prochain ChatGPT"".
* **Risque de perte d'emplois dans le secteur tertiaire :**
 + L'intelligence artificielle, la mondialisation et l'e-commerce fragilisent massivement l'emploi, selon un spécialiste des politiques de l'emploi."
2026-03-19 09:17:35,61,6,"Voici les 5 tendances principales de l'actualité tech et IA :

* **L'avancée de l'IA dans les secteurs industriels** : NVIDIA et Oracle ont présenté une avancée majeure dans le traitement des données dédiées à l'IA, tandis que Micron a vu sa révenue presque tripler en raison de la demande explosive de mémoire pour les applications AI.
* **La concurrence entre les géants de la tech** : La rivalité entre OpenAI et Anthropic, ainsi que la concurrence entre les fabricants de PC et Apple avec le MacBook Neo, font des vagues dans le monde de la tech.
* **L'adoption de l'IA dans les entreprises** : Les entreprises comme Walmart et DocMorris utilisent l'IA pour améliorer leurs services, tandis que les startups comme Nothing prévoient l'avenir de l'IA dans les appareils mobiles.
* **Les préoccupations éthiques et de sécurité** : La sécurité des données et l'utilisation de l'IA dans les applications militaires sont des sujets de préoccupation, tandis que les incidents de sécurité comme celui de Meta mettent en lumière les risques de l'IA.
* **L'impact de l'IA sur l'emploi** : Les spécialistes des politiques de l'emploi constatent que l'IA, la mondial"
